<?xml version="1.0" encoding="UTF-8"?>
<!DOCTYPE hibernate-mapping PUBLIC "-//Hibernate/Hibernate Mapping DTD 3.0//EN" "http://hibernate.sourceforge.net/hibernate-mapping-3.0.dtd" >
<hibernate-mapping>
  <class name="com.ram.hibernate.Employee" table="employee" lazy="false">
    <id name="empno" type="int">
        <generator class="increment"></generator>
    </id>
      <property name="ename" column="ename"></property>
      <property name="sal"></property>
      <property name="hiredate"></property>
      <property name="deptno"></property>
  </class>
</hibernate-mapping>
